id,firstname,surname,year,category,affiliation,city,country,born_date,died_date,gender,born_city,born_country,born_country_code,died_city,died_country,died_country_code,overall_motivation,share,motivation,born_country_original,born_city_original,died_country_original,died_city_original,city_original,country_original
217,Linus,Pauling,1962,Peace,California Institute of Technology (Caltech),Pasadena CA,USA,2/28/1901,8/19/1994,male,Portland OR,USA,US,Big Sur CA,USA,US,NA,1,"""for his fight against the nuclear arms race between East and West""",USA,Portland OR,USA,Big Sur CA,Pasadena CA,USA
462,Henry,Dunant,1901,Peace,NA,NA,NA,1828-05-08,10/30/1910,male,Geneva,Switzerland,CH,Heiden,Switzerland,CH,NA,2,"""for his humanitarian efforts to help wounded soldiers and create international understanding""",Switzerland,Geneva,Switzerland,Heiden,NA,NA
463,Frédéric,Passy,1901,Peace,NA,NA,NA,1822-05-20,6/12/1912,male,Paris,France,FR,Paris,France,FR,NA,2,"""for his lifelong work for international peace conferences diplomacy and arbitration""",France,Paris,France,Paris,NA,NA
464,Élie,Ducommun,1902,Peace,NA,NA,NA,1833-02-19,12/7/1906,male,Geneva,Switzerland,CH,Bern,Switzerland,CH,NA,2,"""for his untiring and skilful directorship of the Bern Peace Bureau""",Switzerland,Geneva,Switzerland,Bern,NA,NA
465,Albert,Gobat,1902,Peace,NA,NA,NA,1843-05-21,3/16/1914,male,Tramelan,Switzerland,CH,Bern,Switzerland,CH,NA,2,"""for his eminently practical administration of the Inter-Parliamentary Union""",Switzerland,Tramelan,Switzerland,Bern,NA,NA
466,Randal,Cremer,1903,Peace,NA,NA,NA,1828-03-18,7/22/1908,male,Fareham,United Kingdom,GB,London,United Kingdom,GB,NA,1,"""for his longstanding and devoted effort in favour of the ideas of peace and arbitration""",United Kingdom,Fareham,United Kingdom,London,NA,NA
467,Institute of International Law,NA,1904,Peace,NA,NA,NA,NA,NA,org,NA,NA,NA,NA,NA,NA,NA,1,"""for its striving in public law to develop peaceful ties between nations and to make the laws of war more humane""",NA,NA,NA,NA,NA,NA
468,Bertha,von Suttner,1905,Peace,NA,NA,NA,1843-06-09,6/21/1914,female,Prague,Czech Republic,CZ,Vienna,Austria,AT,NA,1,"""for her audacity to oppose the horrors of war""",Austrian Empire (now Czech Republic),Prague,Austria,Vienna,NA,NA
470,Theodore,Roosevelt,1906,Peace,NA,NA,NA,1858-10-27,1/6/1919,male,New York NY,USA,US,Oyster Bay NY,USA,US,NA,1,"""for his role in bringing to an end the bloody war recently waged between two of the world's great powers Japan and Russia""",USA,New York NY,USA,Oyster Bay NY,NA,NA
471,Ernesto Teodoro,Moneta,1907,Peace,NA,NA,NA,1833-09-20,2/10/1918,male,Milan,Italy,IT,Milan,Italy,IT,NA,2,"""for his work in the press and in peace meetings both public and private for an understanding between France and Italy""",Austrian Empire (now Italy),Milan,Italy,Milan,NA,NA
472,Louis,Renault,1907,Peace,Sorbonne University,Paris,France,1843-05-21,2/8/1918,male,Autun,France,FR,Barbizon,France,FR,NA,2,"""for his decisive influence upon the conduct and outcome of the Hague and Geneva Conferences""",France,Autun,France,Barbizon,Paris,France
473,Klas Pontus,Arnoldson,1908,Peace,NA,NA,NA,1844-10-27,2/20/1916,male,Gothenburg,Sweden,SE,Stockholm,Sweden,SE,NA,2,"""for their long time work for the cause of peace as politicians peace society leaders orators and authors""",Sweden,Gothenburg,Sweden,Stockholm,NA,NA
474,Fredrik,Bajer,1908,Peace,NA,NA,NA,1837-04-21,1/22/1922,male,Næstved,Denmark,DK,Copenhagen,Denmark,DK,NA,2,"""for their long time work for the cause of peace as politicians peace society leaders orators and authors""",Denmark,Næstved,Denmark,Copenhagen,NA,NA
475,Auguste,Beernaert,1909,Peace,NA,NA,NA,1829-07-26,10/6/1912,male,Ostend,Belgium,BE,Lucerne,Switzerland,CH,NA,2,"""for their prominent position in the international movement for peace and arbitration""",Belgium,Ostend,Switzerland,Lucerne,NA,NA
476,Paul Henri,d'Estournelles de Constant,1909,Peace,NA,NA,NA,1852-11-22,5/15/1924,male,La Flèche,France,FR,Paris,France,FR,NA,2,"""for their prominent position in the international movement for peace and arbitration""",France,La Flèche,France,Paris,NA,NA
477,Permanent International Peace Bureau,NA,1910,Peace,NA,NA,NA,NA,NA,org,NA,NA,NA,NA,NA,NA,NA,1,"""for acting as a link between the peace societies of the various countries and helping them to organize the world rallies of the international peace movement""",NA,NA,NA,NA,NA,NA
478,Tobias,Asser,1911,Peace,NA,NA,NA,1838-04-28,7/29/1913,male,Amsterdam,Netherlands,NL,the Hague,Netherlands,NL,NA,2,"""for his role as co-founder of the Institut de droit international initiator of the Conferences on International Private Law (Conférences de Droit international privé) at the Hague and pioneer in the field of international legal relations""",the Netherlands,Amsterdam,the Netherlands,the Hague,NA,NA
479,Alfred,Fried,1911,Peace,NA,NA,NA,1864-11-11,5/5/1921,male,Vienna,Austria,AT,Vienna,Austria,AT,NA,2,"""for his effort to expose and fight what he considers to be the main cause of war namely the anarchy in international relations""",Austria,Vienna,Austria,Vienna,NA,NA
480,Elihu,Root,1912,Peace,NA,NA,NA,1845-02-15,2/7/1937,male,Clinton NY,USA,US,New York NY,USA,US,NA,1,"""for bringing about better understanding between the countries of North and South America and initiating important arbitration agreements between the United States and other countries""",USA,Clinton NY,USA,New York NY,NA,NA
481,Henri,La Fontaine,1913,Peace,NA,NA,NA,1854-04-22,5/14/1943,male,Brussels,Belgium,BE,Brussels,Belgium,BE,NA,1,"""for his unparalleled contribution to the organization of peaceful internationalism""",Belgium,Brussels,Belgium,Brussels,NA,NA
482,International Committee of the Red Cross,NA,1917,Peace,NA,NA,NA,NA,NA,org,NA,NA,NA,NA,NA,NA,NA,1,"""for the efforts to take care of wounded soldiers and prisoners of war and their families""",NA,NA,NA,NA,NA,NA
482,International Committee of the Red Cross,NA,1944,Peace,NA,NA,NA,NA,NA,org,NA,NA,NA,NA,NA,NA,NA,1,"""for the great work it has performed during the war on behalf of humanity""",NA,NA,NA,NA,NA,NA
482,International Committee of the Red Cross,NA,1963,Peace,NA,NA,NA,NA,NA,org,NA,NA,NA,NA,NA,NA,NA,2,"""for promoting the principles of the Geneva Convention and cooperation with the UN""",NA,NA,NA,NA,NA,NA
483,Woodrow,Wilson,1919,Peace,NA,NA,NA,1856-12-28,2/3/1924,male,Staunton VA,USA,US,Washington DC,USA,US,NA,1,"""for his role as founder of the League of Nations""",USA,Staunton VA,USA,Washington DC,NA,NA
484,Léon,Bourgeois,1920,Peace,NA,NA,NA,1851-05-21,9/29/1925,male,Paris,France,FR,Épernay,France,FR,NA,1,"""for his longstanding contribution to the cause of peace and justice and his prominent role in the establishment of the League of Nations""",France,Paris,France,Épernay,NA,NA
485,Hjalmar,Branting,1921,Peace,NA,NA,NA,1860-11-23,2/24/1925,male,Stockholm,Sweden,SE,Stockholm,Sweden,SE,NA,2,"""for their lifelong contributions to the cause of peace and organized internationalism""",Sweden,Stockholm,Sweden,Stockholm,NA,NA
486,Christian,Lange,1921,Peace,NA,NA,NA,1869-09-17,12/11/1938,male,Stavanger,Norway,NO,Oslo,Norway,NO,NA,2,"""for their lifelong contributions to the cause of peace and organized internationalism""",Norway,Stavanger,Norway,Oslo,NA,NA
487,Fridtjof,Nansen,1922,Peace,NA,NA,NA,1861-10-10,5/13/1930,male,Oslo,Norway,NO,Oslo,Norway,NO,NA,1,"""for his leading role in the repatriation of prisoners of war in international relief work and as the League of Nations' High Commissioner for refugees""",Norway,Kristiania (now Oslo),Norway,Oslo,NA,NA
488,Sir Austen,Chamberlain,1925,Peace,NA,NA,NA,1863-10-16,3/16/1937,male,Birmingham,United Kingdom,GB,London,United Kingdom,GB,NA,2,"""for his crucial role in bringing about the Locarno Treaty""",United Kingdom,Birmingham,United Kingdom,London,NA,NA
489,Charles G.,Dawes,1925,Peace,NA,NA,NA,1865-08-27,4/23/1951,male,Marietta OH,USA,US,Evanston IL,USA,US,NA,2,"""for his crucial role in bringing about the Dawes Plan""",USA,Marietta OH,USA,Evanston IL,NA,NA
490,Aristide,Briand,1926,Peace,NA,NA,NA,1862-03-28,3/7/1932,male,Nantes,France,FR,Paris,France,FR,NA,2,"""for their crucial role in bringing about the Locarno Treaty""",France,Nantes,France,Paris,NA,NA
491,Gustav,Stresemann,1926,Peace,NA,NA,NA,1878-05-10,10/3/1929,male,Berlin,Germany,DE,Berlin,Germany,DE,NA,2,"""for their crucial role in bringing about the Locarno Treaty""",Germany,Berlin,Germany,Berlin,NA,NA
492,Ferdinand,Buisson,1927,Peace,NA,NA,NA,1841-12-20,2/16/1932,male,Paris,France,FR,Thieuloy-Saint-Antoine,France,FR,NA,2,"""for their contribution to the emergence in France and Germany of a public opinion which favours peaceful international cooperation""",France,Paris,France,Thieuloy-Saint-Antoine,NA,NA
493,Ludwig,Quidde,1927,Peace,NA,NA,NA,1858-03-23,3/4/1941,male,Bremen,Germany,DE,Geneva,Switzerland,CH,NA,2,"""for their contribution to the emergence in France and Germany of a public opinion which favours peaceful international cooperation""",Germany,Bremen,Switzerland,Geneva,NA,NA
494,Frank B.,Kellogg,1929,Peace,NA,NA,NA,1856-12-22,12/21/1937,male,Potsdam NY,USA,US,St. Paul MN,USA,US,NA,1,"""for his crucial role in bringing about the Briand-Kellogg Pact""",USA,Potsdam NY,USA,St. Paul MN,NA,NA
495,Nathan,Söderblom,1930,Peace,NA,NA,NA,1866-01-15,7/12/1931,male,Trönö,Sweden,SE,Uppsala,Sweden,SE,NA,1,"""for promoting Christian unity and helping create 'that new attitude of mind which is necessary if peace between nations is to become reality'""",Sweden,Trönö,Sweden,Uppsala,NA,NA
496,Jane,Addams,1931,Peace,NA,NA,NA,1860-09-06,5/21/1935,female,Cedarville IL,USA,US,Chicago IL,USA,US,NA,2,"""for their assiduous effort to revive the ideal of peace and to rekindle the spirit of peace in their own nation and in the whole of mankind""",USA,Cedarville IL,USA,Chicago IL,NA,NA
497,Nicholas Murray,Butler,1931,Peace,Columbia University,New York NY,USA,1862-04-02,12/7/1947,male,Elizabeth NJ,USA,US,New York NY,USA,US,NA,2,"""for their assiduous effort to revive the ideal of peace and to rekindle the spirit of peace in their own nation and in the whole of mankind""",USA,Elizabeth NJ,USA,New York NY,New York NY,USA
498,Sir Norman,Angell,1933,Peace,NA,NA,NA,1872-12-26,10/7/1967,male,Holbeach,United Kingdom,GB,Croydon,United Kingdom,GB,NA,1,"""for having exposed by his pen the illusion of war and presented a convincing plea for international cooperation and peace""",United Kingdom,Holbeach,United Kingdom,Croydon,NA,NA
499,Arthur,Henderson,1934,Peace,NA,NA,NA,1863-09-13,10/20/1935,male,Glasgow,Scotland,GB,London,United Kingdom,GB,NA,1,"""for his untiring struggle and his courageous efforts as Chairman of the League of Nations Disarmament Conference 1931-34""",Scotland,Glasgow,United Kingdom,London,NA,NA
500,Carl,von Ossietzky,1935,Peace,NA,NA,NA,1889-10-03,5/4/1938,male,Hamburg,Germany,DE,Berlin,Germany,DE,NA,1,"""for his burning love for freedom of thought and expression and his valuable contribution to the cause of peace""",Germany,Hamburg,Germany,Berlin,NA,NA
501,Carlos,Saavedra Lamas,1936,Peace,NA,NA,NA,1878-11-01,5/5/1959,male,Buenos Aires,Argentina,AR,Buenos Aires,Argentina,AR,NA,1,"""for his role as father of the Argentine Antiwar Pact of 1933 which he also used as a means to mediate peace between Paraguay and Bolivia in 1935""",Argentina,Buenos Aires,Argentina,Buenos Aires,NA,NA
502,Robert,Cecil,1937,Peace,NA,NA,NA,1864-09-14,11/24/1958,male,London,United Kingdom,GB,Tunbridge Wells,United Kingdom,GB,NA,1,"""for his tireless effort in support of the League of Nations disarmament and peace""",United Kingdom,London,United Kingdom,Tunbridge Wells,NA,NA
503,Nansen International Office for Refugees,NA,1938,Peace,NA,NA,NA,NA,NA,org,NA,NA,NA,NA,NA,NA,NA,1,"""for having carried on the work of Fridtjof Nansen to the benefit of refugees across Europe""",NA,NA,NA,NA,NA,NA
505,Cordell,Hull,1945,Peace,NA,NA,NA,1871-10-02,7/23/1955,male,Olympus TN,USA,US,Bethesda MD,USA,US,NA,1,"""for his indefatigable work for international understanding and his pivotal role in establishing the United Nations""",USA,Olympus TN,USA,Bethesda MD,NA,NA
506,Emily Greene,Balch,1946,Peace,NA,NA,NA,1867-01-08,1/9/1961,female,Boston MA,USA,US,Cambridge MA,USA,US,NA,2,"""for her lifelong work for the cause of peace""",USA,Jamaica Plain MA (now Boston MA),USA,Cambridge MA,NA,NA
507,John R.,Mott,1946,Peace,NA,NA,NA,1865-05-25,1/31/1955,male,Livingston Manor NY,USA,US,NA,USA,US,NA,2,"""for his contribution to the creation of a peace-promoting religious brotherhood across national boundaries""",USA,Livingston Manor NY,USA,NA,NA,NA
508,Friends Service Council,NA,1947,Peace,NA,NA,NA,NA,NA,org,NA,NA,NA,NA,NA,NA,NA,2,"""for their pioneering work in the international peace movement and compassionate effort to relieve human suffering thereby promoting the fraternity between nations""",NA,NA,NA,NA,NA,NA
509,American Friends Service Committee,NA,1947,Peace,NA,NA,NA,NA,NA,org,NA,NA,NA,NA,NA,NA,NA,2,"""for their pioneering work in the international peace movement and compassionate effort to relieve human suffering thereby promoting the fraternity between nations""",NA,NA,NA,NA,NA,NA
510,Lord,Boyd Orr,1949,Peace,NA,NA,NA,1880-09-23,6/25/1971,male,Kilmaurs,Scotland,GB,Edzell,Scotland,GB,NA,1,"""for his lifelong effort to conquer hunger and want thereby helping to remove a major cause of military conflict and war""",Scotland,Kilmaurs,Scotland,Edzell,NA,NA
511,Ralph,Bunche,1950,Peace,Harvard University,Cambridge MA,USA,8/7/1904,12/9/1971,male,Detroit MI,USA,US,New York NY,USA,US,NA,1,"""for his work as mediator in Palestine in 1948-1949""",USA,Detroit MI,USA,New York NY,Cambridge MA,USA
512,Léon,Jouhaux,1951,Peace,NA,NA,NA,1879-07-01,4/28/1954,male,Paris,France,FR,Paris,France,FR,NA,1,"""for having devoted his life to the fight against war through the promotion of social justice and brotherhood among men and nations""",France,Paris,France,Paris,NA,NA
513,Albert,Schweitzer,1952,Peace,NA,NA,NA,1875-01-14,9/4/1965,male,Kaysersberg,France,FR,Lambaréné,Gabon,GA,NA,1,"""for his altruism reverence for life and tireless humanitarian work  which has helped making the idea of brotherhood between men and nations a living one""",Germany (now France),Kaysersberg,Gabon,Lambaréné,NA,NA
514,George C.,Marshall,1953,Peace,NA,NA,NA,1880-12-31,10/16/1959,male,Uniontown PA,USA,US,Washington DC,USA,US,NA,1,"""for proposing and supervising the plan for the economic recovery of Europe""",USA,Uniontown PA,USA,Washington DC,NA,NA
515,Office of the United Nations High Commissioner for Refugees,NA,1954,Peace,NA,NA,NA,NA,NA,org,NA,NA,NA,NA,NA,NA,NA,1,"""for its efforts to heal the wounds of war by providing help and protection to refugees all over the world""",NA,NA,NA,NA,NA,NA
515,Office of the United Nations High Commissioner for Refugees,NA,1981,Peace,NA,NA,NA,NA,NA,org,NA,NA,NA,NA,NA,NA,NA,1,"""for promoting the fundamental rights of refugees""",NA,NA,NA,NA,NA,NA
516,Lester Bowles,Pearson,1957,Peace,NA,NA,NA,1897-04-23,12/27/1972,male,Toronto,Canada,CA,Ottawa,Canada,CA,NA,1,"""for his crucial contribution to the deployment of a United Nations Emergency Force in the wake of the Suez Crisis""",Canada,Toronto,Canada,Ottawa,NA,NA
517,Georges,Pire,1958,Peace,NA,NA,NA,2/10/1910,1/30/1969,male,Dinant,Belgium,BE,Leuven,Belgium,BE,NA,1,"""for his efforts to help refugees to leave their camps and return to a life of freedom and dignity""",Belgium,Dinant,Belgium,Leuven,NA,NA
518,Philip,Noel-Baker,1959,Peace,NA,NA,NA,1889-11-01,10/8/1982,male,London,United Kingdom,GB,London,United Kingdom,GB,NA,1,"""for his longstanding contribution to the cause of disarmament and peace""",United Kingdom,London,United Kingdom,London,NA,NA
519,Albert,Luthuli,1960,Peace,NA,NA,NA,NA,7/21/1967,male,Bulawayo,Zimbabwe,ZW,Stanger,South Africa,ZA,NA,1,"""for his non-violent struggle against apartheid""",Southern Rhodesia (now Zimbabwe),Bulawayo,South Africa,Stanger,NA,NA
520,Dag,Hammarskjöld,1961,Peace,NA,NA,NA,7/29/1905,9/18/1961,male,Jönköping,Sweden,SE,Ndola,Zambia,ZM,NA,1,"""for developing the UN into an effective and constructive international organization capable of giving life to the principles and aims expressed in the UN Charter""",Sweden,Jönköping,Northern Rhodesia (now Zambia),Ndola,NA,NA
523,League of Red Cross Societies,NA,1963,Peace,NA,NA,NA,NA,NA,org,NA,NA,NA,NA,NA,NA,NA,2,"""for promoting the principles of the Geneva Convention and cooperation with the UN""",NA,NA,NA,NA,NA,NA
524,Martin Luther,King Jr.,1964,Peace,NA,NA,NA,1/15/1929,4/4/1968,male,Atlanta GA,USA,US,Memphis TN,USA,US,NA,1,"""for his non-violent struggle for civil rights for the Afro-American population""",USA,Atlanta GA,USA,Memphis TN,NA,NA
525,United Nations Children's Fund,NA,1965,Peace,NA,NA,NA,NA,NA,org,NA,NA,NA,NA,NA,NA,NA,1,"""for its effort to enhance solidarity between nations and reduce the difference between rich and poor states""",NA,NA,NA,NA,NA,NA
526,René,Cassin,1968,Peace,NA,NA,NA,1887-10-05,2/20/1976,male,Bayonne,France,FR,Paris,France,FR,NA,1,"""for his struggle to ensure the rights of man as stipulated in the UN Declaration""",France,Bayonne,France,Paris,NA,NA
527,International Labour Organization,NA,1969,Peace,NA,NA,NA,NA,NA,org,NA,NA,NA,NA,NA,NA,NA,1,"""for creating international legislation insuring certain norms for working conditions in every country""",NA,NA,NA,NA,NA,NA
528,Norman,Borlaug,1970,Peace,NA,NA,NA,3/25/1914,9/12/2009,male,Cresco IA,USA,US,Dallas TX,USA,US,NA,1,"""for having given a well-founded hope - the green revolution""",USA,Cresco IA,USA,Dallas TX,NA,NA
529,Willy,Brandt,1971,Peace,NA,NA,NA,12/18/1913,10/8/1992,male,Lübeck,Germany,DE,Unkel,Germany,DE,NA,1,"""for paving the way for a meaningful dialogue between East and West""",Germany,Lübeck,Germany,Unkel,NA,NA
530,Henry,Kissinger,1973,Peace,NA,NA,NA,5/27/1923,NA,male,Fürth,Germany,DE,NA,NA,NA,NA,2,"""for jointly having negotiated a cease fire in Vietnam in 1973""",Germany,Fürth,NA,NA,NA,NA
531,Le Duc Tho,NA,1973,Peace,NA,NA,NA,10/14/1911,10/13/1990,male,Nam Ha province,Vietnam,VN,Hanoi,Vietnam,VN,NA,2,"""for jointly having negotiated a cease fire in Vietnam in 1973""",Vietnam,Nam Ha province,Vietnam,Hanoi,NA,NA
532,Seán,MacBride,1974,Peace,NA,NA,NA,1/26/1904,1/15/1988,male,Paris,France,FR,Dublin,Ireland,IE,NA,2,"""for his efforts to secure and develop human rights throughout the world""",France,Paris,Ireland,Dublin,NA,NA
533,Eisaku,Sato,1974,Peace,NA,NA,NA,3/27/1901,6/3/1975,male,Tabuse,Japan,JP,Tokyo,Japan,JP,NA,2,"""for his contribution to stabilize conditions in the Pacific rim area and for signing the Nuclear Non-Proliferation Treaty""",Japan,Tabuse,Japan,Tokyo,NA,NA
534,Andrei,Sakharov,1975,Peace,NA,NA,NA,5/21/1921,12/14/1989,male,Moscow,Russia,RU,Moscow,Russia,RU,NA,1,"""for his struggle for human rights in the Soviet Union for disarmament and cooperation between all nations""",Russia,Moscow,USSR (now Russia),Moscow,NA,NA
535,Betty,Williams,1976,Peace,NA,NA,NA,5/22/1943,NA,female,Belfast,Northern Ireland,GB,NA,NA,NA,NA,2,"""for the courageous efforts in founding a movement to put an end to the violent conflict in Northern Ireland""",Northern Ireland,Belfast,NA,NA,NA,NA
536,Mairead,Corrigan,1976,Peace,NA,NA,NA,1/27/1944,NA,female,Belfast,Northern Ireland,GB,NA,NA,NA,NA,2,"""for the courageous efforts in founding a movement to put an end to the violent conflict in Northern Ireland""",Northern Ireland,Belfast,NA,NA,NA,NA
537,Amnesty International,NA,1977,Peace,NA,NA,NA,NA,NA,org,NA,NA,NA,NA,NA,NA,NA,1,"""for worldwide respect for human rights""",NA,NA,NA,NA,NA,NA
538,Anwar,al-Sadat,1978,Peace,NA,NA,NA,12/25/1918,10/6/1981,male,Mit Abu al-Kawm,Egypt,EG,Cairo,Egypt,EG,NA,2,"""for jointly having negotiated peace between Egypt and Israel in 1978""",Egypt,Mit Abu al-Kawm,Egypt,Cairo,NA,NA
539,Menachem,Begin,1978,Peace,NA,NA,NA,8/16/1913,3/9/1992,male,Brest Litovsk,Belarus,BY,Tel Aviv,Israel,IL,NA,2,"""for jointly having negotiated peace between Egypt and Israel in 1978""",Russian Empire (now Belarus),Brest Litovsk,Israel,Tel Aviv,NA,NA
540,Anjezë Gonxhe,Bojaxhiu,1979,Peace,NA,NA,NA,8/26/1910,9/5/1997,female,Skopje,North Macedonia,MK,Calcutta,India,IN,NA,1,"""for her work for bringing help to suffering humanity""",Ottoman Empire (now North Macedonia),Uskup (now Skopje),India,Calcutta,NA,NA
541,Adolfo,Pérez Esquivel,1980,Peace,NA,NA,NA,11/26/1931,NA,male,Buenos Aires,Argentina,AR,NA,NA,NA,NA,1,"""for being a source of inspiration to repressed people especially in Latin America""",Argentina,Buenos Aires,NA,NA,NA,NA
543,Alva,Myrdal,1982,Peace,NA,NA,NA,1/31/1902,2/1/1986,female,Uppsala,Sweden,SE,Stockholm,Sweden,SE,NA,2,"""for their work for disarmament and nuclear and weapon-free zones""",Sweden,Uppsala,Sweden,Stockholm,NA,NA
544,Alfonso,García Robles,1982,Peace,NA,NA,NA,3/20/1911,9/2/1991,male,Zamora,Mexico,MX,Mexico City,Mexico,MX,NA,2,"""for their work for disarmament and nuclear and weapon-free zones""",Mexico,Zamora,Mexico,Mexico City,NA,NA
545,Lech,Walesa,1983,Peace,NA,NA,NA,9/29/1943,NA,male,Popowo,Poland,PL,NA,NA,NA,NA,1,"""for non-violent struggle for free trade unions and human rights in Poland""",Poland,Popowo,NA,NA,NA,NA
546,Desmond,Tutu,1984,Peace,NA,NA,NA,10/7/1931,NA,male,Klerksdorp,South Africa,ZA,NA,NA,NA,NA,1,"""for his role as a unifying leader figure in the non-violent campaign to resolve the problem of apartheid in  South Africa""",South Africa,Klerksdorp,NA,NA,NA,NA
547,International Physicians for the Prevention of Nuclear War,NA,1985,Peace,NA,NA,NA,NA,NA,org,NA,NA,NA,NA,NA,NA,NA,1,"""for spreading authoritative information and by creating awareness of the catastrophic consequences of  nuclear  war""",NA,NA,NA,NA,NA,NA
548,Elie,Wiesel,1986,Peace,NA,NA,NA,9/30/1928,7/2/2016,male,Sighet,Romania,RO,New York NY,USA,US,NA,1,"""for being a messenger to mankind: his message is one of peace atonement and dignity""",Romania,Sighet,USA,New York NY,NA,NA
549,Oscar,Arias Sánchez,1987,Peace,NA,NA,NA,9/13/1940,NA,male,Heredia,Costa Rica,CR,NA,NA,NA,NA,1,"""for his work for lasting peace in Central America""",Costa Rica,Heredia,NA,NA,NA,NA
550,United Nations Peacekeeping Forces,NA,1988,Peace,NA,NA,NA,NA,NA,org,NA,NA,NA,NA,NA,NA,NA,1,"""for preventing armed clashes and creating conditions for negotiations""",NA,NA,NA,NA,NA,NA
551,Lhamo,Thondup,1989,Peace,NA,NA,NA,7/6/1935,NA,male,Taktser,China,CN,NA,NA,NA,NA,1,"""for advocating peaceful solutions based upon tolerance and mutual respect in order to preserve the historical and cultural heritage of his people""",Tibet (now China),Taktser,NA,NA,NA,NA
552,Mikhail,Gorbachev,1990,Peace,NA,NA,NA,3/2/1931,NA,male,Privolnoye,Russia,RU,NA,NA,NA,NA,1,"""for the leading role he played in the radical changes in East-West relations""",USSR (now Russia),Privolnoye,NA,NA,NA,NA
553,Aung San Suu Kyi,NA,1991,Peace,NA,NA,NA,6/19/1945,NA,female,Yangon,Myanmar,MM,NA,NA,NA,NA,1,"""for her non-violent struggle for democracy and human rights""",Burma (now Myanmar),Rangoon (now Yangon),NA,NA,NA,NA
554,Rigoberta,Menchú Tum,1992,Peace,NA,NA,NA,1/9/1959,NA,female,Aldea Chimel,Guatemala,GT,NA,NA,NA,NA,1,"""for her struggle for social justice and ethno-cultural reconciliation based on respect for the rights of indigenous peoples""",Guatemala,Aldea Chimel,NA,NA,NA,NA
555,Nelson,Mandela,1993,Peace,NA,NA,NA,7/18/1918,12/5/2013,male,Qunu,South Africa,ZA,Johannesburg,South Africa,ZA,NA,2,"""for their work for the peaceful termination of the apartheid regime and for laying the foundations for a new  democratic South Africa""",South Africa,Qunu,South Africa,Johannesburg,NA,NA
556,F.W.,de Klerk,1993,Peace,NA,NA,NA,3/18/1936,NA,male,Johannesburg,South Africa,ZA,NA,NA,NA,NA,2,"""for their work for the peaceful termination of the apartheid regime and for laying the foundations for a new  democratic South Africa""",South Africa,Johannesburg,NA,NA,NA,NA
557,Yasser,Arafat,1994,Peace,NA,NA,NA,8/24/1929,11/11/2004,male,Cairo,Egypt,EG,Paris,France,FR,NA,3,"""for their efforts to create peace in the Middle East""",Egypt,Cairo,France,Paris,NA,NA
558,Shimon,Peres,1994,Peace,NA,NA,NA,8/16/1923,9/28/2016,male,Vishneva,Belarus,BY,Tel Aviv,Israel,IL,NA,3,"""for their efforts to create peace in the Middle East""",Poland (now Belarus),Vishneva,Israel,Tel Aviv,NA,NA
559,Yitzhak,Rabin,1994,Peace,NA,NA,NA,3/1/1922,11/4/1995,male,Jerusalem,Israel,IL,Tel Aviv,Israel,IL,NA,3,"""for their efforts to create peace in the Middle East""",British Mandate of Palestine (now Israel),Jerusalem,Israel,Tel Aviv,NA,NA
560,Joseph,Rotblat,1995,Peace,NA,NA,NA,11/4/1908,8/31/2005,male,Warsaw,Poland,PL,London,United Kingdom,GB,NA,2,"""for their efforts to diminish the part played by nuclear arms in international politics and in the longer run to eliminate such arms""",Russian Empire (now Poland),Warsaw,United Kingdom,London,NA,NA
561,Pugwash Conferences on Science and World Affairs,NA,1995,Peace,NA,NA,NA,NA,NA,org,NA,NA,NA,NA,NA,NA,NA,2,"""for their efforts to diminish the part played by nuclear arms in international politics and in the longer run to eliminate such arms""",NA,NA,NA,NA,NA,NA
562,Carlos Filipe Ximenes,Belo,1996,Peace,NA,NA,NA,2/3/1948,NA,male,Wailacama,East Timor,TL,NA,NA,NA,NA,2,"""for their work towards a just and peaceful solution to the conflict in East Timor""",East Timor,Wailacama,NA,NA,NA,NA
563,José,Ramos-Horta,1996,Peace,NA,NA,NA,12/26/1949,NA,male,Dili,East Timor,TL,NA,NA,NA,NA,2,"""for their work towards a just and peaceful solution to the conflict in East Timor""",East Timor,Dili,NA,NA,NA,NA
564,International Campaign to Ban Landmines,NA,1997,Peace,NA,NA,NA,NA,NA,org,NA,NA,NA,NA,NA,NA,NA,2,"""for their efforts to ban and remove anti-personnel landmines""",NA,NA,NA,NA,NA,NA
565,Jody,Williams,1997,Peace,NA,NA,NA,10/9/1950,NA,female,Putney VT,USA,US,NA,NA,NA,NA,2,"""for their work for the banning and clearing of anti-personnel mines""",USA,Putney VT,NA,NA,NA,NA
566,John,Hume,1998,Peace,NA,NA,NA,1/18/1937,NA,male,Londonderry,Northern Ireland,GB,NA,NA,NA,NA,2,"""for their efforts to find a peaceful solution to the conflict in Northern Ireland""",Northern Ireland,Londonderry,NA,NA,NA,NA
567,David,Trimble,1998,Peace,NA,NA,NA,10/15/1944,NA,male,Belfast,Northern Ireland,GB,NA,NA,NA,NA,2,"""for their efforts to find a peaceful solution to the conflict in Northern Ireland""",Northern Ireland,Belfast,NA,NA,NA,NA
568,Médecins Sans Frontières,NA,1999,Peace,NA,NA,NA,NA,NA,org,NA,NA,NA,NA,NA,NA,NA,1,"""in recognition of the organisation's pioneering humanitarian work on several continents""",NA,NA,NA,NA,NA,NA
569,Sully,Prudhomme,1901,Literature,NA,NA,NA,1839-03-16,9/7/1907,male,Paris,France,FR,Châtenay,France,FR,NA,1,"""in special recognition of his poetic composition which gives evidence of lofty idealism artistic perfection and a rare combination of the qualities of both heart and intellect""",France,Paris,France,Châtenay,NA,NA
571,Theodor,Mommsen,1902,Literature,NA,NA,NA,1817-11-30,11/1/1903,male,Garding,Germany,DE,Charlottenburg,Germany,DE,NA,1,"""the greatest living master of the art of historical writing with special reference to his monumental work <I>A history of Rome</I>""",Schleswig (now Germany),Garding,Germany,Charlottenburg,NA,NA
572,Bjørnstjerne,Bjørnson,1903,Literature,NA,NA,NA,1832-12-08,4/26/1910,male,Kvikne,Norway,NO,Paris,France,FR,NA,1,"""as a tribute to his noble magnificent and versatile poetry which has always been distinguished by both the freshness of its inspiration and the rare purity of its spirit""",Norway,Kvikne,France,Paris,NA,NA
573,Frédéric,Mistral,1904,Literature,NA,NA,NA,1830-09-08,3/25/1914,male,Maillane,France,FR,Maillane,France,FR,NA,2,"""in recognition of the fresh originality and true inspiration of his poetic production which faithfully reflects the natural scenery and native spirit of his people and in addition his significant work as a Proven&ccedil;al philologist""",France,Maillane,France,Maillane,NA,NA
574,José,Echegaray,1904,Literature,NA,NA,NA,1832-04-19,9/4/1916,male,Madrid,Spain,ES,Madrid,Spain,ES,NA,2,"""in recognition of the numerous and brilliant compositions which in an individual and original manner have revived the great traditions of the Spanish drama""",Spain,Madrid,Spain,Madrid,NA,NA
575,Henryk,Sienkiewicz,1905,Literature,NA,NA,NA,1846-05-05,11/15/1916,male,Wola Okrzejska,Poland,PL,Vevey,Switzerland,CH,NA,1,"""because of his outstanding merits as an epic writer""",Poland,Wola Okrzejska,Switzerland,Vevey,NA,NA
576,Giosuè,Carducci,1906,Literature,NA,NA,NA,1835-07-27,2/16/1907,male,Val di Castello,Italy,IT,Bologna,Italy,IT,NA,1,"""not only in consideration of his deep learning and critical research but above all as a tribute to the creative energy freshness of style and lyrical force which characterize his poetic masterpieces""",Tuscany (now Italy),Val di Castello,Italy,Bologna,NA,NA
577,Rudyard,Kipling,1907,Literature,NA,NA,NA,1865-12-30,1/18/1936,male,Bombay,India,IN,London,United Kingdom,GB,NA,1,"""in consideration of the power of observation originality of imagination virility of ideas and remarkable talent for narration which characterize the creations of this world-famous author""",British India (now India),Bombay,United Kingdom,London,NA,NA
578,Rudolf,Eucken,1908,Literature,NA,NA,NA,1846-01-05,9/14/1926,male,Aurich,Germany,DE,Jena,Germany,DE,NA,1,"""in recognition of his earnest search for truth his penetrating power of thought his wide range of vision and the warmth and strength in presentation with which in his numerous works he has vindicated and developed an idealistic philosophy of life""",East Friesland (now Germany),Aurich,Germany,Jena,NA,NA
579,Selma,Lagerlöf,1909,Literature,NA,NA,NA,1858-11-20,3/16/1940,female,Mårbacka,Sweden,SE,Mårbacka,Sweden,SE,NA,1,"""in appreciation of the lofty idealism vivid imagination and spiritual perception that characterize her writings""",Sweden,Mårbacka,Sweden,Mårbacka,NA,NA
580,Paul,Heyse,1910,Literature,NA,NA,NA,1830-03-15,4/2/1914,male,Berlin,Germany,DE,Munich,Germany,DE,NA,1,"""as a tribute to the consummate artistry permeated with idealism which he has demonstrated during his long productive career as a lyric poet dramatist novelist and writer of world-renowned short stories""",Prussia (now Germany),Berlin,Germany,Munich,NA,NA
581,Maurice,Maeterlinck,1911,Literature,NA,NA,NA,1862-08-29,5/6/1949,male,Ghent,Belgium,BE,Nice,France,FR,NA,1,"""in appreciation of his many-sided literary activities and especially of his dramatic works which are distinguished by a wealth of imagination and by a poetic fancy which reveals sometimes in the guise of a fairy tale a deep inspiration while in a mysterious way they appeal to the readers' own feelings and stimulate their imaginations""",Belgium,Ghent,France,Nice,NA,NA
582,Gerhart,Hauptmann,1912,Literature,NA,NA,NA,1862-11-15,6/6/1946,male,Bad Salzbrunn,Germany,DE,Jagniatków,Poland,PL,NA,1,"""primarily in recognition of his fruitful varied and outstanding production in the realm of dramatic art""",Prussia (now Germany),Bad Salzbrunn,Germany (now Poland),Agnetendorf (now Jagniatków),NA,NA
583,Rabindranath,Tagore,1913,Literature,NA,NA,NA,1861-05-07,8/7/1941,male,Calcutta,India,IN,Calcutta,India,IN,NA,1,"""because of his profoundly sensitive fresh and beautiful verse by which with consummate skill he has made his poetic thought expressed in his own English words a part of the literature of the West""",India,Calcutta,India,Calcutta,NA,NA
584,Romain,Rolland,1915,Literature,NA,NA,NA,1866-01-29,12/30/1944,male,Clamecy,France,FR,Vézelay,France,FR,NA,1,"""as a tribute to the lofty idealism of his literary production and to the sympathy and love of truth with which he has described different types of human beings""",France,Clamecy,France,Vézelay,NA,NA
585,Verner,von Heidenstam,1916,Literature,NA,NA,NA,1859-07-06,5/20/1940,male,Olshammar,Sweden,SE,Övralid,Sweden,SE,NA,1,"""in recognition of his significance as the leading representative of a new era in our literature""",Sweden,Olshammar,Sweden,Övralid,NA,NA
586,Karl,Gjellerup,1917,Literature,NA,NA,NA,1857-06-02,10/11/1919,male,Roholte,Denmark,DK,Klotzsche,Germany,DE,NA,2,"""for his varied and rich poetry which is inspired by lofty ideals""",Denmark,Roholte,Germany,Klotzsche,NA,NA
587,Henrik,Pontoppidan,1917,Literature,NA,NA,NA,1857-07-24,8/21/1943,male,Fredericia,Denmark,DK,Ordrup,Denmark,DK,NA,2,"""for his authentic descriptions of present-day life in Denmark""",Denmark,Fredericia,Denmark,Ordrup,NA,NA
588,Carl,Spitteler,1919,Literature,NA,NA,NA,1845-04-24,12/29/1924,male,Liestal,Switzerland,CH,Lucerne,Switzerland,CH,NA,1,"""in special appreciation of his epic <I>Olympian Spring</I>""",Switzerland,Liestal,Switzerland,Lucerne,NA,NA
589,Knut,Hamsun,1920,Literature,NA,NA,NA,1859-08-04,2/19/1952,male,Lom,Norway,NO,Grimstad,Norway,NO,NA,1,"""for his monumental work <I>Growth of the Soil</I>""",Norway,Lom,Norway,Grimstad,NA,NA
590,Anatole,France,1921,Literature,NA,NA,NA,1844-04-16,10/12/1924,male,Paris,France,FR,Saint-Cyr-sur-Loire,France,FR,NA,1,"""in recognition of his brilliant literary achievements characterized as they are by a nobility of style a profound human sympathy grace and a true Gallic temperament""",France,Paris,France,Saint-Cyr-sur-Loire,NA,NA
592,Jacinto,Benavente,1922,Literature,NA,NA,NA,1866-08-12,7/14/1954,male,Madrid,Spain,ES,Madrid,Spain,ES,NA,1,"""for the happy manner in which he has continued the illustrious traditions of the Spanish drama""",Spain,Madrid,Spain,Madrid,NA,NA
593,William Butler,Yeats,1923,Literature,NA,NA,NA,1865-06-13,1/28/1939,male,Dublin,Ireland,IE,Roquebrune-Cap-Martin,France,FR,NA,1,"""for his always inspired poetry which in a highly artistic form gives expression to the spirit of a whole nation""",Ireland,Dublin,France,Roquebrune-Cap-Martin,NA,NA
594,Wladyslaw,Reymont,1924,Literature,NA,NA,NA,1867-05-07,12/5/1925,male,Kobiele Wielkie,Poland,PL,Warsaw,Poland,PL,NA,1,"""for his great national epic <I>The Peasants</I>""",Russian Empire (now Poland),Kobiele Wielkie,Poland,Warsaw,NA,NA
596,George Bernard,Shaw,1925,Literature,NA,NA,NA,1856-07-26,11/2/1950,male,Dublin,Ireland,IE,Ayot St. Lawrence,United Kingdom,GB,NA,1,"""for his work which is marked by both idealism and humanity its stimulating satire often being infused with a singular poetic beauty""",Ireland,Dublin,United Kingdom,Ayot St. Lawrence,NA,NA
597,Grazia,Deledda,1926,Literature,NA,NA,NA,1871-09-27,8/15/1936,female,Nuoro Sardinia,Italy,IT,Rome,Italy,IT,NA,1,"""for her idealistically inspired writings which with plastic clarity picture the life on her native island and with depth and sympathy deal with human problems in general""",Italy,Nuoro Sardinia,Italy,Rome,NA,NA
600,Henri,Bergson,1927,Literature,NA,NA,NA,1859-10-18,1/4/1941,male,Paris,France,FR,Paris,France,FR,NA,1,"""in recognition of his rich and vitalizing ideas and the brilliant skill with which they have been presented""",France,Paris,France,Paris,NA,NA
601,Sigrid,Undset,1928,Literature,NA,NA,NA,1882-05-20,6/10/1949,female,Kalundborg,Denmark,DK,Lillehammer,Norway,NO,NA,1,"""principally for her powerful descriptions of Northern life during the Middle Ages""",Denmark,Kalundborg,Norway,Lillehammer,NA,NA
602,Thomas,Mann,1929,Literature,NA,NA,NA,1875-06-06,8/12/1955,male,Lübeck,Germany,DE,Zurich,Switzerland,CH,NA,1,"""principally for his great novel <I>Buddenbrooks</I> which has won steadily increased recognition as one of the classic works of contemporary literature""",Germany,Lübeck,Switzerland,Zurich,NA,NA
603,Sinclair,Lewis,1930,Literature,NA,NA,NA,1885-02-07,1/10/1951,male,Sauk Centre MN,USA,US,Rome,Italy,IT,NA,1,"""for his vigorous and graphic art of description and his ability to create with wit and humour new types of characters""",USA,Sauk Centre MN,Italy,Rome,NA,NA
604,Erik Axel,Karlfeldt,1931,Literature,NA,NA,NA,1864-07-20,4/8/1931,male,Karlbo,Sweden,SE,Stockholm,Sweden,SE,NA,1,"""The poetry of Erik Axel Karlfeldt""",Sweden,Karlbo,Sweden,Stockholm,NA,NA
605,John,Galsworthy,1932,Literature,NA,NA,NA,1867-08-14,1/31/1933,male,Kingston Hill,United Kingdom,GB,London,United Kingdom,GB,NA,1,"""for his distinguished art of narration which takes its highest form in <I>The Forsyte Saga</I>""",United Kingdom,Kingston Hill,United Kingdom,London,NA,NA
606,Ivan,Bunin,1933,Literature,NA,NA,NA,1870-10-22,11/8/1953,male,Voronezh,Russia,RU,Paris,France,FR,NA,1,"""for the strict artistry with which he has carried on the classical Russian traditions in prose writing""",Russia,Voronezh,France,Paris,NA,NA
607,Luigi,Pirandello,1934,Literature,NA,NA,NA,1867-06-28,12/10/1936,male,Agrigento Sicily,Italy,IT,Rome,Italy,IT,NA,1,"""for his bold and ingenious revival of dramatic and scenic art""",Italy,Agrigento Sicily,Italy,Rome,NA,NA
608,Eugene,O'Neill,1936,Literature,NA,NA,NA,1888-10-16,11/27/1953,male,New York NY,USA,US,Boston MA,USA,US,NA,1,"""for the power honesty and deep-felt emotions of his dramatic works which embody an original concept of tragedy""",USA,New York NY,USA,Boston MA,NA,NA
609,Roger,Martin du Gard,1937,Literature,NA,NA,NA,1881-03-23,8/22/1958,male,Neuilly-sur-Seine,France,FR,Bellême,France,FR,NA,1,"""for the artistic power and truth with which he has depicted human conflict as well as some fundamental aspects of contemporary life in his novel-cycle <I>Les Thibault</I>""",France,Neuilly-sur-Seine,France,Bellême,NA,NA
610,Pearl,Buck,1938,Literature,NA,NA,NA,1892-06-26,3/6/1973,female,Hillsboro WV,USA,US,Danby VT,USA,US,NA,1,"""for her rich and truly epic descriptions of peasant life in China and for her biographical masterpieces""",USA,Hillsboro WV,USA,Danby VT,NA,NA
613,Frans Eemil,Sillanpää,1939,Literature,NA,NA,NA,1888-09-16,6/3/1964,male,Hämeenkyrö,Finland,FI,Helsinki,Finland,FI,NA,1,"""for his deep understanding of his country's peasantry and the exquisite art with which he has portrayed their way of life and their relationship with Nature""",Russian Empire (now Finland),Hämeenkyrö,Finland,Helsinki,NA,NA
614,Johannes V.,Jensen,1944,Literature,NA,NA,NA,1873-01-20,11/25/1950,male,Farsø,Denmark,DK,Copenhagen,Denmark,DK,NA,1,"""for the rare strength and fertility of his poetic imagination with which is combined an intellectual curiosity of wide scope and a bold freshly creative style""",Denmark,Farsø,Denmark,Copenhagen,NA,NA
615,Gabriela,Mistral,1945,Literature,NA,NA,NA,1889-04-07,1/10/1957,female,Vicuña,Chile,CL,Hempstead NY,USA,US,NA,1,"""for her lyric poetry which inspired by powerful emotions has made her name a symbol of the idealistic aspirations of the entire Latin American world""",Chile,Vicuña,USA,Hempstead NY,NA,NA
617,Hermann,Hesse,1946,Literature,NA,NA,NA,1877-07-02,8/9/1962,male,Calw,Germany,DE,Montagnola,Switzerland,CH,NA,1,"""for his inspired writings which while growing in boldness and penetration exemplify the classical humanitarian ideals and high qualities of style""",Germany,Calw,Switzerland,Montagnola,NA,NA
618,André,Gide,1947,Literature,NA,NA,NA,1869-11-22,2/19/1951,male,Paris,France,FR,Paris,France,FR,NA,1,"""for his comprehensive and artistically significant writings in which human problems and conditions have been presented with a fearless love of truth and keen psychological insight""",France,Paris,France,Paris,NA,NA
619,T.S.,Eliot,1948,Literature,NA,NA,NA,1888-09-26,1/4/1965,male,St. Louis MO,USA,US,London,United Kingdom,GB,NA,1,"""for his outstanding pioneer contribution to present-day poetry""",USA,St. Louis MO,United Kingdom,London,NA,NA
620,William,Faulkner,1949,Literature,NA,NA,NA,1897-09-25,7/6/1962,male,New Albany MS,USA,US,Byhalia MS,USA,US,NA,1,"""for his powerful and artistically unique contribution to the modern American novel""",USA,New Albany MS,USA,Byhalia MS,NA,NA
621,Bertrand,Russell,1950,Literature,NA,NA,NA,1872-05-18,2/2/1970,male,Trelleck,United Kingdom,GB,Penrhyndeudraeth,United Kingdom,GB,NA,1,"""in recognition of his varied and significant writings in which he champions humanitarian ideals and freedom of thought""",United Kingdom,Trelleck,United Kingdom,Penrhyndeudraeth,NA,NA
622,Pär,Lagerkvist,1951,Literature,NA,NA,NA,1891-05-23,7/11/1974,male,Växjö,Sweden,SE,Stockholm,Sweden,SE,NA,1,"""for the artistic vigour and true independence of mind with which he endeavours in his poetry to find answers to the eternal questions confronting mankind""",Sweden,Växjö,Sweden,Stockholm,NA,NA
623,François,Mauriac,1952,Literature,NA,NA,NA,1885-10-11,9/1/1970,male,Bordeaux,France,FR,Paris,France,FR,NA,1,"""for the deep spiritual insight and the artistic intensity with which he has in his novels penetrated the drama of human life""",France,Bordeaux,France,Paris,NA,NA
624,Winston,Churchill,1953,Literature,NA,NA,NA,1874-11-30,1/24/1965,male,Woodstock,United Kingdom,GB,London,United Kingdom,GB,NA,1,"""for his mastery of historical and biographical description as well as for brilliant oratory in defending exalted human values""",United Kingdom,Woodstock,United Kingdom,London,NA,NA
625,Ernest,Hemingway,1954,Literature,NA,NA,NA,1899-07-21,7/2/1961,male,Oak Park IL,USA,US,Ketchum ID,USA,US,NA,1,"""for his mastery of the art of narrative most recently demonstrated in <I>The Old Man and the Sea</I> and for the influence that he has exerted on contemporary style""",USA,Oak Park IL,USA,Ketchum ID,NA,NA
626,Halldór,Laxness,1955,Literature,NA,NA,NA,4/23/1902,2/8/1998,male,Reykjavik,Iceland,IS,Reykjavik,Iceland,IS,NA,1,"""for his vivid epic power which has renewed the great narrative art of Iceland""",Iceland,Reykjavik,Iceland,Reykjavik,NA,NA
627,Juan Ramón,Jiménez,1956,Literature,NA,NA,NA,1881-12-24,5/29/1958,male,Moguer,Spain,ES,San Juan,Puerto Rico,PR,NA,1,"""for his lyrical poetry which in Spanish language constitutes an example of high spirit and artistical purity""",Spain,Moguer,Puerto Rico,San Juan,NA,NA
628,Albert,Camus,1957,Literature,NA,NA,NA,11/7/1913,1/4/1960,male,Mondovi,Algeria,DZ,Sens,France,FR,NA,1,"""for his important literary production which with clear-sighted earnestness illuminates the problems of the human conscience in our times""",French Algeria (now Algeria),Mondovi,France,Sens,NA,NA
629,Boris,Pasternak,1958,Literature,NA,NA,NA,1890-02-10,5/30/1960,male,Moscow,Russia,RU,Peredelkino,Russia,RU,NA,1,"""for his important achievement both in contemporary lyrical poetry and in the field of the great Russian epic tradition""",Russia,Moscow,Russia,Peredelkino,NA,NA
630,Salvatore,Quasimodo,1959,Literature,NA,NA,NA,8/20/1901,6/14/1968,male,Modica,Italy,IT,Naples,Italy,IT,NA,1,"""for his lyrical poetry which with classical fire expresses the tragic experience of life in our own times""",Italy,Modica,Italy,Naples,NA,NA
631,Saint-John,Perse,1960,Literature,NA,NA,NA,1887-05-31,9/20/1975,male,Pointe-à-Pitre,Guadeloupe Island,GP,Presqu'île-de-Giens,France,FR,NA,1,"""for the soaring flight and the evocative imagery of his poetry which in a visionary fashion reflects the conditions of our time""",Guadeloupe Island,Pointe-à-Pitre,France,Presqu'île-de-Giens,NA,NA
633,Ivo,Andric,1961,Literature,NA,NA,NA,1892-10-10,3/13/1975,male,Dolac,Bosnia and Herzegovina,BA,Belgrade,Serbia,RS,NA,1,"""for the epic force with which he has traced themes and depicted human destinies drawn from the history of his country""",Bosnia (now Bosnia and Herzegovina),Dolac,Yugoslavia (now Serbia),Belgrade,NA,NA
634,John,Steinbeck,1962,Literature,NA,NA,NA,2/27/1902,12/20/1968,male,Salinas CA,USA,US,New York NY,USA,US,NA,1,"""for his realistic and imaginative writings combining as they do sympathetic humour and keen social perception""",USA,Salinas CA,USA,New York NY,NA,NA
635,Giorgos,Seferis,1963,Literature,NA,NA,NA,3/13/1900,9/20/1971,male,Izmir,Turkey,TR,Athens,Greece,GR,NA,1,"""for his eminent lyrical writing inspired by a deep feeling for the Hellenic world of culture""",Ottoman Empire (now Turkey),Smyrna (now Izmir),Greece,Athens,NA,NA
637,Jean-Paul,Sartre,1964,Literature,NA,NA,NA,6/21/1905,4/15/1980,male,Paris,France,FR,Paris,France,FR,NA,1,"""for his work which rich in ideas and filled with the spirit of freedom and the quest for truth has exerted a far-reaching influence on our age""",France,Paris,France,Paris,NA,NA
638,Mikhail,Sholokhov,1965,Literature,NA,NA,NA,5/24/1905,2/21/1984,male,Veshenskaya,Russia,RU,Veshenskaya,Russia,RU,NA,1,"""for the artistic power and integrity with which in his epic of the Don he has given expression to a historic phase in the life of the Russian people""",Russia,Veshenskaya,USSR (now Russia),Veshenskaya,NA,NA
639,Shmuel,Agnon,1966,Literature,NA,NA,NA,1888-07-17,2/17/1970,male,Buchach,Ukraine,UA,Rehovot,Israel,IL,NA,2,"""for his profoundly characteristic narrative art with motifs from the life of the Jewish people""",Austria-Hungary (now Ukraine),Buczacz (now Buchach),Israel,Rehovot,NA,NA
640,Nelly,Sachs,1966,Literature,NA,NA,NA,1891-12-10,5/12/1970,female,Berlin,Germany,DE,Stockholm,Sweden,SE,NA,2,"""for her outstanding lyrical and dramatic writing which interprets Israel's destiny with touching strength """,Germany,Berlin,Sweden,Stockholm,NA,NA
641,Miguel Angel,Asturias,1967,Literature,NA,NA,NA,1899-10-19,6/9/1974,male,Guatemala City,Guatemala,GT,Madrid,Spain,ES,NA,1,"""for his vivid literary achievement deep-rooted in the national traits and traditions of Indian peoples of Latin America""",Guatemala,Guatemala City,Spain,Madrid,NA,NA
642,Yasunari,Kawabata,1968,Literature,NA,NA,NA,1899-06-11,4/16/1972,male,Osaka,Japan,JP,Zushi,Japan,JP,NA,1,"""for his narrative mastery which with great sensibility expresses the essence of the Japanese mind""",Japan,Osaka,Japan,Zushi,NA,NA
643,Samuel,Beckett,1969,Literature,NA,NA,NA,4/13/1906,12/22/1989,male,Dublin,Ireland,IE,Paris,France,FR,NA,1,"""for his writing which - in new forms for the novel and drama - in the destitution of modern man acquires its elevation""",Ireland,Dublin,France,Paris,NA,NA
644,Alexandr,Solzhenitsyn,1970,Literature,NA,NA,NA,12/11/1918,8/3/2008,male,Kislovodsk,Russia,RU,Troitse-Lykovo,Russia,RU,NA,1,"""for the ethical force with which he has pursued the indispensable traditions of Russian literature""",Russia,Kislovodsk,Russia,Troitse-Lykovo,NA,NA
645,Pablo,Neruda,1971,Literature,NA,NA,NA,7/12/1904,9/23/1973,male,Parral,Chile,CL,Santiago,Chile,CL,NA,1,"""for a poetry that with the action of an elemental force brings alive a continent's destiny and dreams""",Chile,Parral,Chile,Santiago,NA,NA
647,Heinrich,Böll,1972,Literature,NA,NA,NA,12/21/1917,7/16/1985,male,Cologne,Germany,DE,Bornheim-Merten,Germany,DE,NA,1,"""for his writing which through its combination of a broad perspective on his time and a sensitive skill in characterization has contributed to a renewal of German literature""",Germany,Cologne,West Germany (now Germany),Bornheim-Merten,NA,NA
648,Patrick,White,1973,Literature,NA,NA,NA,5/28/1912,9/30/1990,male,London,United Kingdom,GB,Sydney,Australia,AU,NA,1,"""for an epic and psychological narrative art which has introduced a new continent into literature""",United Kingdom,London,Australia,Sydney,NA,NA
649,Eyvind,Johnson,1974,Literature,NA,NA,NA,7/29/1900,8/25/1976,male,Svartbjörnsbyn,Sweden,SE,Stockholm,Sweden,SE,NA,2,"""for a narrative art far-seeing in lands and ages in the service of freedom""",Sweden,Svartbjörnsbyn,Sweden,Stockholm,NA,NA
650,Harry,Martinson,1974,Literature,NA,NA,NA,5/6/1904,2/11/1978,male,Jämshög,Sweden,SE,Stockholm,Sweden,SE,NA,2,"""for writings that catch the dewdrop and reflect the cosmos""",Sweden,Jämshög,Sweden,Stockholm,NA,NA
651,Eugenio,Montale,1975,Literature,NA,NA,NA,1896-10-12,9/12/1981,male,Genoa,Italy,IT,Milan,Italy,IT,NA,1,"""for his distinctive poetry which with great artistic sensitivity has interpreted human values under the sign of an outlook on life with no illusions""",Italy,Genoa,Italy,Milan,NA,NA
652,Saul,Bellow,1976,Literature,NA,NA,NA,6/10/1915,4/5/2005,male,Montreal,Canada,CA,Brookline MA,USA,US,NA,1,"""for the human understanding and subtle analysis of contemporary culture that are combined in his work""",Canada,Montreal,USA,Brookline MA,NA,NA
653,Vicente,Aleixandre,1977,Literature,NA,NA,NA,1898-04-26,12/14/1984,male,Sevilla,Spain,ES,Madrid,Spain,ES,NA,1,"""for a creative poetic writing which illuminates man's condition in the cosmos and in present-day society at the same time representing the great renewal of the traditions of Spanish poetry between the wars""",Spain,Sevilla,Spain,Madrid,NA,NA
654,Isaac Bashevis,Singer,1978,Literature,NA,NA,NA,7/14/1904,7/24/1991,male,Leoncin,Poland,PL,Surfside FL,USA,US,NA,1,"""for his impassioned narrative art which with roots in a Polish-Jewish cultural tradition brings universal human conditions to life""",Russian Empire (now Poland),Leoncin,USA,Surfside FL,NA,NA
655,Odysseus,Elytis,1979,Literature,NA,NA,NA,11/2/1911,3/18/1996,male,Iráklion,Greece,GR,Athens,Greece,GR,NA,1,"""for his poetry which against the background of Greek tradition depicts with sensuous strength and intellectual clear-sightedness modern man's struggle for freedom and creativeness""",Crete (now Greece),Iráklion,Greece,Athens,NA,NA
657,Czeslaw,Milosz,1980,Literature,NA,NA,NA,6/30/1911,8/14/2004,male,Śeteniai,Lithuania,LT,Kraków,Poland,PL,NA,1,"""who with uncompromising clear-sightedness voices man's exposed condition in a world of severe conflicts""",Russian Empire (now Lithuania),Śeteniai,Poland,Kraków,NA,NA
658,Elias,Canetti,1981,Literature,NA,NA,NA,7/25/1905,8/14/1994,male,Ruse,Bulgaria,BG,Zurich,Switzerland,CH,NA,1,"""for writings marked by a broad outlook a wealth of ideas and artistic power""",Bulgaria,Ruse,Switzerland,Zurich,NA,NA
659,Gabriel,García Márquez,1982,Literature,NA,NA,NA,3/6/1927,4/17/2014,male,Aracataca,Colombia,CO,Mexico City,Mexico,MX,NA,1,"""for his novels and short stories in which the fantastic and the realistic are combined in a richly composed world of imagination reflecting a continent's life and conflicts""",Colombia,Aracataca,Mexico,Mexico City,NA,NA
660,William,Golding,1983,Literature,NA,NA,NA,9/19/1911,6/19/1993,male,St. Columb Minor,United Kingdom,GB,Perranarworthal,United Kingdom,GB,NA,1,"""for his novels which with the perspicuity of realistic narrative art and the diversity and universality of myth illuminate the human condition in the world of today""",United Kingdom,St. Columb Minor,United Kingdom,Perranarworthal,NA,NA
661,Jaroslav,Seifert,1984,Literature,NA,NA,NA,9/23/1901,1/10/1986,male,Prague,Czech Republic,CZ,Prague,Czech Republic,CZ,NA,1,"""for his poetry which endowed with freshness sensuality and rich inventiveness provides a liberating image of the indomitable spirit and versatility of man""",Austria-Hungary (now Czech Republic),Prague,Czechoslovakia (now Czech Republic),Prague,NA,NA
662,Claude,Simon,1985,Literature,NA,NA,NA,10/10/1913,7/6/2005,male,Antananarivo,Madagascar,MG,Paris,France,FR,NA,1,"""who in his novel combines the poet's and the painter's creativeness with a deepened awareness of time in the depiction of the human condition""",Madagascar,Tananarive (now Antananarivo),France,Paris,NA,NA
663,Wole,Soyinka,1986,Literature,NA,NA,NA,7/13/1934,NA,male,Abeokuta,Nigeria,NG,NA,NA,NA,NA,1,"""who in a wide cultural perspective and with poetic overtones fashions the drama of existence""",Nigeria,Abeokuta,NA,NA,NA,NA
664,Joseph,Brodsky,1987,Literature,NA,NA,NA,5/24/1940,1/28/1996,male,St. Petersburg,Russia,RU,New York NY,USA,US,NA,1,"""for an all-embracing authorship imbued with clarity of thought and poetic intensity""",USSR (now Russia),Leningrad (now St. Petersburg),USA,New York NY,NA,NA
665,Naguib,Mahfouz,1988,Literature,NA,NA,NA,12/11/1911,8/30/2006,male,Cairo,Egypt,EG,Cairo,Egypt,EG,NA,1,"""who through works rich in nuance - now clear-sightedly realistic now evocatively ambiguous - has formed an Arabian narrative art that applies to all mankind""",Egypt,Cairo,Egypt,Cairo,NA,NA
666,Camilo José,Cela,1989,Literature,NA,NA,NA,5/11/1916,1/17/2002,male,Iria Flavia,Spain,ES,Madrid,Spain,ES,NA,1,"""for a rich and intensive prose which with restrained compassion forms a challenging vision of man's vulnerability""",Spain,Iria Flavia,Spain,Madrid,NA,NA
667,Octavio,Paz,1990,Literature,NA,NA,NA,3/31/1914,4/19/1998,male,Mexico City,Mexico,MX,Mexico City,Mexico,MX,NA,1,"""for impassioned writing with wide horizons characterized by sensuous intelligence and humanistic integrity""",Mexico,Mexico City,Mexico,Mexico City,NA,NA
668,Nadine,Gordimer,1991,Literature,NA,NA,NA,11/20/1923,7/13/2014,female,Springs,South Africa,ZA,Johannesburg,South Africa,ZA,NA,1,"""who through her magnificent epic writing has - in the words of Alfred Nobel - been of very great benefit to humanity""",South Africa,Springs,South Africa,Johannesburg,NA,NA
669,Derek,Walcott,1992,Literature,NA,NA,NA,1/23/1930,3/17/2017,male,Castries,Saint Lucia,LC,Gros-Islet,Saint Lucia,LC,NA,1,"""for a poetic oeuvre of great luminosity sustained by a historical vision the outcome of a multicultural commitment""",Saint Lucia,Castries,Saint Lucia,Gros-Islet,NA,NA
670,Toni,Morrison,1993,Literature,NA,NA,NA,2/18/1931,8/5/2019,female,Lorain OH,USA,US,New York NY,USA,US,NA,1,"""who in novels characterized by visionary force and poetic import gives life to an essential aspect of American reality""",USA,Lorain OH,USA,New York NY,NA,NA
671,Kenzaburo,Oe,1994,Literature,NA,NA,NA,1/31/1935,NA,male,Uchiko,Japan,JP,NA,NA,NA,NA,1,"""who with poetic force creates an imagined world where life and myth condense to form a disconcerting picture of the human predicament today""",Japan,Uchiko,NA,NA,NA,NA
672,Seamus,Heaney,1995,Literature,NA,NA,NA,4/13/1939,8/30/2013,male,Casteldàwson,Northern Ireland,GB,Dublin,Ireland,IE,NA,1,"""for works of lyrical beauty and ethical depth which exalt everyday miracles and the living past""",Northern Ireland,Casteldàwson,Ireland,Dublin,NA,NA
673,Wislawa,Szymborska,1996,Literature,NA,NA,NA,7/2/1923,2/1/2012,female,Kórnik,Poland,PL,Kraków,Poland,PL,NA,1,"""for poetry that with ironic precision allows the historical and biological context to come to light in fragments of human reality""",Poland,Bnin (now Kórnik),Poland,Kraków,NA,NA
674,Dario,Fo,1997,Literature,NA,NA,NA,3/24/1926,10/13/2016,male,Leggiuno-Sangiano,Italy,IT,Milan,Italy,IT,NA,1,"""who emulates the jesters of the Middle Ages in scourging authority and upholding the dignity of the downtrodden""",Italy,Leggiuno-Sangiano,Italy,Milan,NA,NA
675,José,Saramago,1998,Literature,NA,NA,NA,11/16/1922,6/18/2010,male,Azinhaga,Portugal,PT,Lanzarote,Spain,ES,NA,1,"""who with parables sustained by imagination compassion and irony continually enables us once again to apprehend an elusory reality""",Portugal,Azinhaga,Spain,Lanzarote,NA,NA
676,Günter,Grass,1999,Literature,NA,NA,NA,10/16/1927,4/13/2015,male,Gdansk,Poland,PL,Lübeck,Germany,DE,NA,1,"""whose frolicsome black fables portray the forgotten face of history""",Free City of Danzig (now Poland),Danzig (now Gdansk),Germany,Lübeck,NA,NA
725,Kim,Dae-jung,2000,Peace,NA,NA,NA,12/3/1925,8/18/2009,male,Mokpo,South Korea,KR,NA,NA,NA,NA,1,"""for his work for democracy and human rights in South Korea and in East Asia in general and for peace and reconciliation with North Korea in particular""",Korea (now South Korea),Mokpo,NA,NA,NA,NA
734,Gao,Xingjian,2000,Literature,NA,NA,NA,1/4/1940,NA,male,Ganzhou,China,CN,NA,NA,NA,NA,1,"""for an &aelig;uvre of universal validity bitter insights and linguistic ingenuity which has opened new paths for the Chinese novel and drama""",China,Ganzhou,NA,NA,NA,NA
747,V. S.,Naipaul,2001,Literature,NA,NA,NA,8/17/1932,8/11/2018,male,NA,NA,NA,London,United Kingdom,GB,NA,1,"""for having united perceptive narrative and incorruptible scrutiny in works that compel us to see the presence of suppressed histories""",NA,NA,United Kingdom,London,NA,NA
748,United Nations,NA,2001,Peace,NA,NA,NA,NA,NA,org,NA,NA,NA,NA,NA,NA,NA,2,"""for their work for a better organized and more peaceful world""",NA,NA,NA,NA,NA,NA
749,Kofi,Annan,2001,Peace,NA,NA,NA,4/8/1938,8/18/2018,male,Kumasi,Ghana,GH,Bern,Switzerland,CH,NA,2,"""for their work for a better organized and more peaceful world""",Gold Coast (now Ghana),Kumasi,Switzerland,Bern,NA,NA
761,Imre,Kertész,2002,Literature,NA,NA,NA,11/9/1929,3/31/2016,male,Budapest,Hungary,HU,Budapest,Hungary,HU,NA,1,"""for writing that upholds the fragile experience of the individual against the barbaric arbitrariness of history""",Hungary,Budapest,Hungary,Budapest,NA,NA
762,Jimmy,Carter,2002,Peace,NA,NA,NA,10/1/1924,NA,male,Plains GA,USA,US,NA,NA,NA,NA,1,"""for his decades of untiring effort to find peaceful solutions to international conflicts to advance democracy and human rights and to promote economic and social development""",USA,Plains GA,NA,NA,NA,NA
763,J. M.,Coetzee,2003,Literature,NA,NA,NA,2/9/1940,NA,male,Cape Town,South Africa,ZA,NA,NA,NA,NA,1,"""who in innumerable guises portrays the surprising involvement of the outsider""",South Africa,Cape Town,NA,NA,NA,NA
773,Shirin,Ebadi,2003,Peace,NA,NA,NA,6/21/1947,NA,female,Hamadan,Iran,IR,NA,NA,NA,NA,1,"""for her efforts for democracy and human rights. She has focused especially on the struggle for the rights of women and children""",Iran,Hamadan,NA,NA,NA,NA
782,Elfriede,Jelinek,2004,Literature,NA,NA,NA,10/20/1946,NA,female,Mürzzuschlag,Austria,AT,NA,NA,NA,NA,1,"""for her musical flow of voices and counter-voices in novels and plays that with extraordinary linguistic zeal reveal the absurdity of society's clich&eacute;s and their subjugating power""",Austria,Mürzzuschlag,NA,NA,NA,NA
783,Wangari,Maathai,2004,Peace,NA,NA,NA,4/1/1940,9/25/2011,female,Nyeri,Kenya,KE,Nairobi,Kenya,KE,NA,1,"""for her contribution to sustainable development democracy and peace""",Kenya,Nyeri,Kenya,Nairobi,NA,NA
797,International Atomic Energy Agency,NA,2005,Peace,NA,NA,NA,NA,NA,org,NA,NA,NA,NA,NA,NA,NA,2,"""for their efforts to prevent nuclear energy from being used for military purposes and to ensure that nuclear energy for peaceful purposes is used in the safest possible way""",NA,NA,NA,NA,NA,NA
798,Mohamed,ElBaradei,2005,Peace,NA,NA,NA,6/17/1942,NA,male,Cairo,Egypt,EG,NA,NA,NA,NA,2,"""for their efforts to prevent nuclear energy from being used for military purposes and to ensure that nuclear energy for peaceful purposes is used in the safest possible way""",Egypt,Cairo,NA,NA,NA,NA
801,Harold,Pinter,2005,Literature,NA,NA,NA,10/10/1930,12/24/2008,male,London,United Kingdom,GB,London,United Kingdom,GB,NA,1,"""who in his plays uncovers the precipice under everyday prattle and forces entry into oppression's closed rooms""",United Kingdom,London,United Kingdom,London,NA,NA
808,Orhan,Pamuk,2006,Literature,NA,NA,NA,6/7/1952,NA,male,Istanbul,Turkey,TR,NA,NA,NA,NA,1,"""who in the quest for the melancholic soul of his native city has discovered new symbols for the clash and interlacing of cultures""",Turkey,Istanbul,NA,NA,NA,NA
809,Muhammad,Yunus,2006,Peace,NA,NA,NA,6/28/1940,NA,male,Chittagong,Bangladesh,BD,NA,NA,NA,NA,2,"""for their efforts to create economic and social development from below""",British India (now Bangladesh),Chittagong,NA,NA,NA,NA
810,Grameen Bank,NA,2006,Peace,NA,NA,NA,NA,NA,org,NA,NA,NA,NA,NA,NA,NA,2,"""for their efforts to create economic and social development from below""",NA,NA,NA,NA,NA,NA
817,Doris,Lessing,2007,Literature,NA,NA,NA,10/22/1919,11/17/2013,female,Kermanshah,Iran,IR,London,United Kingdom,GB,NA,1,"""that epicist of the female experience who with scepticism fire and visionary power has subjected a divided civilisation to scrutiny""",Persia (now Iran),Kermanshah,United Kingdom,London,NA,NA
818,Intergovernmental Panel on Climate Change,NA,2007,Peace,NA,NA,NA,NA,NA,org,NA,NA,NA,NA,NA,NA,NA,2,"""for their efforts to build up and disseminate greater knowledge about man-made climate change and to lay the foundations for the measures that are needed to counteract such change""",NA,NA,NA,NA,NA,NA
819,Al,Gore,2007,Peace,NA,NA,NA,3/31/1948,NA,male,Washington DC,USA,US,NA,NA,NA,NA,2,"""for their efforts to build up and disseminate greater knowledge about man-made climate change and to lay the foundations for the measures that are needed to counteract such change""",USA,Washington DC,NA,NA,NA,NA
832,Jean-Marie Gustave,Le Clézio,2008,Literature,NA,NA,NA,4/13/1940,NA,male,Nice,France,FR,NA,NA,NA,NA,1,"""author of new departures poetic adventure and sensual ecstasy explorer of a humanity beyond and below the reigning civilization""",France,Nice,NA,NA,NA,NA
833,Martti,Ahtisaari,2008,Peace,NA,NA,NA,6/23/1937,NA,male,Vyborg,Finland,FI,NA,NA,NA,NA,1,"""for his important efforts on several continents and over more than three decades to resolve international conflicts""",Finland,Viipuri (now Vyborg),NA,NA,NA,NA
844,Herta,Müller,2009,Literature,NA,NA,NA,8/17/1953,NA,female,Nitzkydorf Banat,Romania,RO,NA,NA,NA,NA,1,"""who with the concentration of poetry and the frankness of prose depicts the landscape of the dispossessed""",Romania,Nitzkydorf Banat,NA,NA,NA,NA
845,Barack,Obama,2009,Peace,NA,NA,NA,8/4/1961,NA,male,Honolulu HI,USA,US,NA,NA,NA,NA,1,"""for his extraordinary efforts to strengthen international diplomacy and cooperation between peoples""",USA,Honolulu HI,NA,NA,NA,NA
854,Mario,Vargas Llosa,2010,Literature,NA,NA,NA,3/28/1936,NA,male,Arequipa,Peru,PE,NA,NA,NA,NA,1,"""for his cartography of structures of power and his trenchant images of the individual's resistance revolt and defeat""",Peru,Arequipa,NA,NA,NA,NA
855,Liu,Xiaobo,2010,Peace,NA,NA,NA,12/28/1955,7/13/2017,male,Changchun,China,CN,Shenyang,China,CN,NA,1,"""for his long and non-violent struggle for fundamental human rights in China""",China,Changchun,China,Shenyang,NA,NA
868,Tomas,Tranströmer,2011,Literature,NA,NA,NA,4/15/1931,3/26/2015,male,Stockholm,Sweden,SE,Stockholm,Sweden,SE,NA,1,"""because through his condensed translucent images he gives us fresh access to reality""",Sweden,Stockholm,Sweden,Stockholm,NA,NA
869,Ellen,Johnson Sirleaf,2011,Peace,NA,NA,NA,10/29/1938,NA,female,Monrovia,Liberia,LR,NA,NA,NA,NA,3,"""for their non-violent struggle for the safety of women and for womens rights to full participation in peace-building work""",Liberia,Monrovia,NA,NA,NA,NA
870,Leymah,Gbowee,2011,Peace,NA,NA,NA,2/1/1972,NA,female,Monrovia,Liberia,LR,NA,NA,NA,NA,3,"""for their non-violent struggle for the safety of women and for womens rights to full participation in peace-building work""",Liberia,Monrovia,NA,NA,NA,NA
871,Tawakkol,Karman,2011,Peace,NA,NA,NA,2/7/1979,NA,female,Ta'izz,Yemen,YE,NA,NA,NA,NA,3,"""for their non-violent struggle for the safety of women and for womens rights to full participation in peace-building work""",Yemen,Ta'izz,NA,NA,NA,NA
880,Mo,Yan,2012,Literature,NA,NA,NA,2/2/1955,NA,male,Gaomi,China,CN,NA,NA,NA,NA,1,"""who with hallucinatory realism merges folk tales history and the contemporary""",China,Gaomi,NA,NA,NA,NA
881,European Union (EU),NA,2012,Peace,NA,NA,NA,NA,NA,org,NA,NA,NA,NA,NA,NA,NA,1,"""for over six decades contributed to the advancement of peace and reconciliation democracy and human rights in Europe""",NA,NA,NA,NA,NA,NA
892,Alice,Munro,2013,Literature,NA,NA,NA,7/10/1931,NA,female,Wingham,Canada,CA,NA,NA,NA,NA,1,"""master of the contemporary short story""",Canada,Wingham,NA,NA,NA,NA
893,Organisation for the Prohibition of Chemical Weapons,NA,2013,Peace,NA,NA,NA,NA,NA,org,NA,NA,NA,NA,NA,NA,NA,1,"""for its extensive efforts to eliminate chemical weapons""",NA,NA,NA,NA,NA,NA
912,Patrick,Modiano,2014,Literature,NA,NA,NA,7/30/1945,NA,male,Paris,France,FR,NA,NA,NA,NA,1,"""for the art of memory with which he has evoked the most ungraspable human destinies and
uncovered the life-world of the occupation""",France,Paris,NA,NA,NA,NA
913,Kailash,Satyarthi,2014,Peace,NA,NA,NA,1/11/1954,NA,male,Vidisha,India,IN,NA,NA,NA,NA,2,"""for their struggle against the suppression of children and young people and for the right of all children to education""",India,Vidisha,NA,NA,NA,NA
914,Malala,Yousafzai,2014,Peace,NA,NA,NA,7/12/1997,NA,female,Mingora,Pakistan,PK,NA,NA,NA,NA,2,"""for their struggle against the suppression of children and young people and for the right of all children to education""",Pakistan,Mingora,NA,NA,NA,NA
924,Svetlana,Alexievich,2015,Literature,NA,NA,NA,5/31/1948,NA,female,Ivano-Frankivsk,Ukraine,UA,NA,NA,NA,NA,1,"""for her polyphonic writings a monument to suffering and courage in our time""",Ukraine,Ivano-Frankivsk,NA,NA,NA,NA
925,National Dialogue Quartet,NA,2015,Peace,NA,NA,NA,NA,NA,org,NA,NA,NA,NA,NA,NA,NA,1,"""for its decisive contribution to the building of a pluralistic democracy in Tunisia in the wake of the Jasmine Revolution of 2011""",NA,NA,NA,NA,NA,NA
934,Juan Manuel,Santos,2016,Peace,NA,NA,NA,8/10/1951,NA,male,Bogotá,Colombia,CO,NA,NA,NA,NA,1,"""for his resolute efforts to bring the country's more than 50-year-long civil war to an end""",Colombia,Bogotá,NA,NA,NA,NA
937,Bob,Dylan,2016,Literature,NA,NA,NA,5/24/1941,NA,male,Duluth MN,USA,US,NA,NA,NA,NA,1,"""for having created new poetic expressions within the great American song tradition""",USA,Duluth MN,NA,NA,NA,NA
947,Kazuo,Ishiguro,2017,Literature,NA,NA,NA,11/8/1954,NA,male,Nagasaki,Japan,JP,NA,NA,NA,NA,1,"""who in novels of great emotional force has uncovered the abyss beneath our illusory sense of connection with the world""",Japan,Nagasaki,NA,NA,NA,NA
948,International Campaign to Abolish Nuclear Weapons (ICAN),NA,2017,Peace,NA,NA,NA,NA,NA,org,NA,NA,NA,NA,NA,NA,NA,1,"""for its work to draw attention to the catastrophic humanitarian consequences of any use of nuclear weapons and for its ground-breaking efforts to achieve a treaty-based prohibition of such weapons""",NA,NA,NA,NA,NA,NA
966,Denis,Mukwege,2018,Peace,NA,NA,NA,3/1/1955,NA,male,Bukavu,Democratic Republic of Congo,CD,NA,NA,NA,NA,2,"""for their efforts to end the use of sexual violence as a weapon of war and armed conflict""",Belgian Congo (now Democratic Republic of the Congo),Bukavu,NA,NA,NA,NA
967,Nadia,Murad,2018,Peace,NA,NA,NA,NA,NA,female,Kojo,Iraq,IQ,NA,NA,NA,NA,2,"""for their efforts to end the use of sexual violence as a weapon of war and armed conflict""",Iraq,Kojo,NA,NA,NA,NA
